goal_id,learner_id,goal_title,goal_type,target_role,core_target_skills,deadline_months,weekly_hours_committed,status,priority
GOAL0001,LRN0001,Become a Data Analyst,career_transition_or_entry,Data Analyst,"SQL Basics, Advanced SQL, Excel for Data Analysis, Data Visualization, Descriptive Statistics, Exploratory Data Analysis",3,5,active,high
GOAL0002,LRN0002,Become a Data Scientist,career_transition_or_entry,Data Scientist,"Python Data Structures, Inferential Statistics, ML Foundations, Regression Techniques, Classification Techniques, Model Evaluation",6,7,active,high
GOAL0003,LRN0003,Become a Machine Learning Engineer,career_transition_or_entry,Machine Learning Engineer,"ML Foundations, Feature Engineering, Neural Networks, Deep Learning, Model Deployment, Model Evaluation",9,10,active,high
GOAL0004,LRN0004,Become a Full Stack Developer,career_transition_or_entry,Full Stack Developer,"HTML & CSS, JavaScript Basics, React Fundamentals, Node.js Basics, REST API Design, Database Design (RDBMS)",12,14,active,high
GOAL0005,LRN0005,Become a Data Engineer,career_transition_or_entry,Data Engineer,"Advanced SQL, Data Modeling, ETL Fundamentals, Apache Spark Basics, Data Warehousing, Data Pipeline Design",3,5,active,high
GOAL0006,LRN0006,Become a Cloud/DevOps Engineer,career_transition_or_entry,Cloud/DevOps Engineer,"Linux Fundamentals, Cloud Computing Basics, AWS Core Services, Docker Fundamentals, Kubernetes Basics, CI/CD Pipelines",6,7,active,high
GOAL0007,LRN0007,Become a Data Analyst,career_transition_or_entry,Data Analyst,"SQL Basics, Advanced SQL, Excel for Data Analysis, Data Visualization, Descriptive Statistics, Exploratory Data Analysis",9,10,active,high
GOAL0008,LRN0008,Become a Data Scientist,career_transition_or_entry,Data Scientist,"Python Data Structures, Inferential Statistics, ML Foundations, Regression Techniques, Classification Techniques, Model Evaluation",12,14,active,high
GOAL0009,LRN0009,Become a Machine Learning Engineer,career_transition_or_entry,Machine Learning Engineer,"ML Foundations, Feature Engineering, Neural Networks, Deep Learning, Model Deployment, Model Evaluation",3,5,active,high
GOAL0010,LRN0010,Become a Full Stack Developer,career_transition_or_entry,Full Stack Developer,"HTML & CSS, JavaScript Basics, React Fundamentals, Node.js Basics, REST API Design, Database Design (RDBMS)",6,7,active,high
GOAL0011,LRN0011,Become a Data Engineer,career_transition_or_entry,Data Engineer,"Advanced SQL, Data Modeling, ETL Fundamentals, Apache Spark Basics, Data Warehousing, Data Pipeline Design",9,10,active,high
GOAL0012,LRN0012,Become a Cloud/DevOps Engineer,career_transition_or_entry,Cloud/DevOps Engineer,"Linux Fundamentals, Cloud Computing Basics, AWS Core Services, Docker Fundamentals, Kubernetes Basics, CI/CD Pipelines",12,14,active,high
GOAL0013,LRN0013,Become a Data Analyst,career_transition_or_entry,Data Analyst,"SQL Basics, Advanced SQL, Excel for Data Analysis, Data Visualization, Descriptive Statistics, Exploratory Data Analysis",3,5,active,high
GOAL0014,LRN0014,Become a Data Scientist,career_transition_or_entry,Data Scientist,"Python Data Structures, Inferential Statistics, ML Foundations, Regression Techniques, Classification Techniques, Model Evaluation",6,7,active,high
GOAL0015,LRN0015,Become a Machine Learning Engineer,career_transition_or_entry,Machine Learning Engineer,"ML Foundations, Feature Engineering, Neural Networks, Deep Learning, Model Deployment, Model Evaluation",9,10,active,high
GOAL0016,LRN0016,Become a Full Stack Developer,career_transition_or_entry,Full Stack Developer,"HTML & CSS, JavaScript Basics, React Fundamentals, Node.js Basics, REST API Design, Database Design (RDBMS)",12,14,active,high
GOAL0017,LRN0017,Become a Data Engineer,career_transition_or_entry,Data Engineer,"Advanced SQL, Data Modeling, ETL Fundamentals, Apache Spark Basics, Data Warehousing, Data Pipeline Design",3,5,active,high
GOAL0018,LRN0018,Become a Cloud/DevOps Engineer,career_transition_or_entry,Cloud/DevOps Engineer,"Linux Fundamentals, Cloud Computing Basics, AWS Core Services, Docker Fundamentals, Kubernetes Basics, CI/CD Pipelines",6,7,active,high
GOAL0019,LRN0019,Become a Data Analyst,career_transition_or_entry,Data Analyst,"SQL Basics, Advanced SQL, Excel for Data Analysis, Data Visualization, Descriptive Statistics, Exploratory Data Analysis",9,10,active,high
GOAL0020,LRN0020,Become a Data Scientist,career_transition_or_entry,Data Scientist,"Python Data Structures, Inferential Statistics, ML Foundations, Regression Techniques, Classification Techniques, Model Evaluation",12,14,active,high
GOAL0021,LRN0021,Become a Machine Learning Engineer,career_transition_or_entry,Machine Learning Engineer,"ML Foundations, Feature Engineering, Neural Networks, Deep Learning, Model Deployment, Model Evaluation",3,5,active,high
GOAL0022,LRN0022,Become a Full Stack Developer,career_transition_or_entry,Full Stack Developer,"HTML & CSS, JavaScript Basics, React Fundamentals, Node.js Basics, REST API Design, Database Design (RDBMS)",6,7,active,high
GOAL0023,LRN0023,Become a Data Engineer,career_transition_or_entry,Data Engineer,"Advanced SQL, Data Modeling, ETL Fundamentals, Apache Spark Basics, Data Warehousing, Data Pipeline Design",9,10,active,high
GOAL0024,LRN0024,Become a Cloud/DevOps Engineer,career_transition_or_entry,Cloud/DevOps Engineer,"Linux Fundamentals, Cloud Computing Basics, AWS Core Services, Docker Fundamentals, Kubernetes Basics, CI/CD Pipelines",12,14,active,high
GOAL0025,LRN0025,Become a Data Analyst,career_transition_or_entry,Data Analyst,"SQL Basics, Advanced SQL, Excel for Data Analysis, Data Visualization, Descriptive Statistics, Exploratory Data Analysis",3,5,active,high
GOAL0026,LRN0026,Become a Data Scientist,career_transition_or_entry,Data Scientist,"Python Data Structures, Inferential Statistics, ML Foundations, Regression Techniques, Classification Techniques, Model Evaluation",6,7,active,high
GOAL0027,LRN0027,Become a Machine Learning Engineer,career_transition_or_entry,Machine Learning Engineer,"ML Foundations, Feature Engineering, Neural Networks, Deep Learning, Model Deployment, Model Evaluation",9,10,active,high
GOAL0028,LRN0028,Become a Full Stack Developer,career_transition_or_entry,Full Stack Developer,"HTML & CSS, JavaScript Basics, React Fundamentals, Node.js Basics, REST API Design, Database Design (RDBMS)",12,14,active,high
GOAL0029,LRN0029,Become a Data Engineer,career_transition_or_entry,Data Engineer,"Advanced SQL, Data Modeling, ETL Fundamentals, Apache Spark Basics, Data Warehousing, Data Pipeline Design",3,5,active,high
GOAL0030,LRN0030,Become a Cloud/DevOps Engineer,career_transition_or_entry,Cloud/DevOps Engineer,"Linux Fundamentals, Cloud Computing Basics, AWS Core Services, Docker Fundamentals, Kubernetes Basics, CI/CD Pipelines",6,7,active,high
GOAL0031,LRN0031,Become a Data Analyst,career_transition_or_entry,Data Analyst,"SQL Basics, Advanced SQL, Excel for Data Analysis, Data Visualization, Descriptive Statistics, Exploratory Data Analysis",9,10,active,high
GOAL0032,LRN0032,Become a Data Scientist,career_transition_or_entry,Data Scientist,"Python Data Structures, Inferential Statistics, ML Foundations, Regression Techniques, Classification Techniques, Model Evaluation",12,14,active,high
GOAL0033,LRN0033,Become a Machine Learning Engineer,career_transition_or_entry,Machine Learning Engineer,"ML Foundations, Feature Engineering, Neural Networks, Deep Learning, Model Deployment, Model Evaluation",3,5,active,high
GOAL0034,LRN0034,Become a Full Stack Developer,career_transition_or_entry,Full Stack Developer,"HTML & CSS, JavaScript Basics, React Fundamentals, Node.js Basics, REST API Design, Database Design (RDBMS)",6,7,active,high
GOAL0035,LRN0035,Become a Data Engineer,career_transition_or_entry,Data Engineer,"Advanced SQL, Data Modeling, ETL Fundamentals, Apache Spark Basics, Data Warehousing, Data Pipeline Design",9,10,active,high
GOAL0036,LRN0036,Become a Cloud/DevOps Engineer,career_transition_or_entry,Cloud/DevOps Engineer,"Linux Fundamentals, Cloud Computing Basics, AWS Core Services, Docker Fundamentals, Kubernetes Basics, CI/CD Pipelines",12,14,active,high
GOAL0037,LRN0037,Become a Data Analyst,career_transition_or_entry,Data Analyst,"SQL Basics, Advanced SQL, Excel for Data Analysis, Data Visualization, Descriptive Statistics, Exploratory Data Analysis",3,5,active,high
GOAL0038,LRN0038,Become a Data Scientist,career_transition_or_entry,Data Scientist,"Python Data Structures, Inferential Statistics, ML Foundations, Regression Techniques, Classification Techniques, Model Evaluation",6,7,active,high
GOAL0039,LRN0039,Become a Machine Learning Engineer,career_transition_or_entry,Machine Learning Engineer,"ML Foundations, Feature Engineering, Neural Networks, Deep Learning, Model Deployment, Model Evaluation",9,10,active,high
GOAL0040,LRN0040,Become a Full Stack Developer,career_transition_or_entry,Full Stack Developer,"HTML & CSS, JavaScript Basics, React Fundamentals, Node.js Basics, REST API Design, Database Design (RDBMS)",12,14,active,high
GOAL0041,LRN0041,Become a Data Engineer,career_transition_or_entry,Data Engineer,"Advanced SQL, Data Modeling, ETL Fundamentals, Apache Spark Basics, Data Warehousing, Data Pipeline Design",3,5,active,high
GOAL0042,LRN0042,Become a Cloud/DevOps Engineer,career_transition_or_entry,Cloud/DevOps Engineer,"Linux Fundamentals, Cloud Computing Basics, AWS Core Services, Docker Fundamentals, Kubernetes Basics, CI/CD Pipelines",6,7,active,high
GOAL0043,LRN0043,Become a Data Analyst,career_transition_or_entry,Data Analyst,"SQL Basics, Advanced SQL, Excel for Data Analysis, Data Visualization, Descriptive Statistics, Exploratory Data Analysis",9,10,active,high
GOAL0044,LRN0044,Become a Data Scientist,career_transition_or_entry,Data Scientist,"Python Data Structures, Inferential Statistics, ML Foundations, Regression Techniques, Classification Techniques, Model Evaluation",12,14,active,high
GOAL0045,LRN0045,Become a Machine Learning Engineer,career_transition_or_entry,Machine Learning Engineer,"ML Foundations, Feature Engineering, Neural Networks, Deep Learning, Model Deployment, Model Evaluation",3,5,active,high
GOAL0046,LRN0046,Become a Full Stack Developer,career_transition_or_entry,Full Stack Developer,"HTML & CSS, JavaScript Basics, React Fundamentals, Node.js Basics, REST API Design, Database Design (RDBMS)",6,7,active,high
GOAL0047,LRN0047,Become a Data Engineer,career_transition_or_entry,Data Engineer,"Advanced SQL, Data Modeling, ETL Fundamentals, Apache Spark Basics, Data Warehousing, Data Pipeline Design",9,10,active,high
GOAL0048,LRN0048,Become a Cloud/DevOps Engineer,career_transition_or_entry,Cloud/DevOps Engineer,"Linux Fundamentals, Cloud Computing Basics, AWS Core Services, Docker Fundamentals, Kubernetes Basics, CI/CD Pipelines",12,14,active,high
GOAL0049,LRN0049,Become a Data Analyst,career_transition_or_entry,Data Analyst,"SQL Basics, Advanced SQL, Excel for Data Analysis, Data Visualization, Descriptive Statistics, Exploratory Data Analysis",3,5,active,high
GOAL0050,LRN0050,Become a Data Scientist,career_transition_or_entry,Data Scientist,"Python Data Structures, Inferential Statistics, ML Foundations, Regression Techniques, Classification Techniques, Model Evaluation",6,7,active,high
GOAL0051,LRN0051,Become a Machine Learning Engineer,career_transition_or_entry,Machine Learning Engineer,"ML Foundations, Feature Engineering, Neural Networks, Deep Learning, Model Deployment, Model Evaluation",9,10,active,high
GOAL0052,LRN0052,Become a Full Stack Developer,career_transition_or_entry,Full Stack Developer,"HTML & CSS, JavaScript Basics, React Fundamentals, Node.js Basics, REST API Design, Database Design (RDBMS)",12,14,active,high
GOAL0053,LRN0053,Become a Data Engineer,career_transition_or_entry,Data Engineer,"Advanced SQL, Data Modeling, ETL Fundamentals, Apache Spark Basics, Data Warehousing, Data Pipeline Design",3,5,active,high
GOAL0054,LRN0054,Become a Cloud/DevOps Engineer,career_transition_or_entry,Cloud/DevOps Engineer,"Linux Fundamentals, Cloud Computing Basics, AWS Core Services, Docker Fundamentals, Kubernetes Basics, CI/CD Pipelines",6,7,active,high
GOAL0055,LRN0055,Become a Data Analyst,career_transition_or_entry,Data Analyst,"SQL Basics, Advanced SQL, Excel for Data Analysis, Data Visualization, Descriptive Statistics, Exploratory Data Analysis",9,10,active,high
GOAL0056,LRN0056,Become a Data Scientist,career_transition_or_entry,Data Scientist,"Python Data Structures, Inferential Statistics, ML Foundations, Regression Techniques, Classification Techniques, Model Evaluation",12,14,active,high
GOAL0057,LRN0057,Become a Machine Learning Engineer,career_transition_or_entry,Machine Learning Engineer,"ML Foundations, Feature Engineering, Neural Networks, Deep Learning, Model Deployment, Model Evaluation",3,5,active,high
GOAL0058,LRN0058,Become a Full Stack Developer,career_transition_or_entry,Full Stack Developer,"HTML & CSS, JavaScript Basics, React Fundamentals, Node.js Basics, REST API Design, Database Design (RDBMS)",6,7,active,high
GOAL0059,LRN0059,Become a Data Engineer,career_transition_or_entry,Data Engineer,"Advanced SQL, Data Modeling, ETL Fundamentals, Apache Spark Basics, Data Warehousing, Data Pipeline Design",9,10,active,high
GOAL0060,LRN0060,Become a Cloud/DevOps Engineer,career_transition_or_entry,Cloud/DevOps Engineer,"Linux Fundamentals, Cloud Computing Basics, AWS Core Services, Docker Fundamentals, Kubernetes Basics, CI/CD Pipelines",12,14,active,high
GOAL0061,LRN0061,Become a Data Analyst,career_transition_or_entry,Data Analyst,"SQL Basics, Advanced SQL, Excel for Data Analysis, Data Visualization, Descriptive Statistics, Exploratory Data Analysis",3,5,active,high
GOAL0062,LRN0062,Become a Data Scientist,career_transition_or_entry,Data Scientist,"Python Data Structures, Inferential Statistics, ML Foundations, Regression Techniques, Classification Techniques, Model Evaluation",6,7,active,high
GOAL0063,LRN0063,Become a Machine Learning Engineer,career_transition_or_entry,Machine Learning Engineer,"ML Foundations, Feature Engineering, Neural Networks, Deep Learning, Model Deployment, Model Evaluation",9,10,active,high
GOAL0064,LRN0064,Become a Full Stack Developer,career_transition_or_entry,Full Stack Developer,"HTML & CSS, JavaScript Basics, React Fundamentals, Node.js Basics, REST API Design, Database Design (RDBMS)",12,14,active,high
GOAL0065,LRN0065,Become a Data Engineer,career_transition_or_entry,Data Engineer,"Advanced SQL, Data Modeling, ETL Fundamentals, Apache Spark Basics, Data Warehousing, Data Pipeline Design",3,5,active,high
GOAL0066,LRN0066,Become a Cloud/DevOps Engineer,career_transition_or_entry,Cloud/DevOps Engineer,"Linux Fundamentals, Cloud Computing Basics, AWS Core Services, Docker Fundamentals, Kubernetes Basics, CI/CD Pipelines",6,7,active,high
GOAL0067,LRN0067,Become a Data Analyst,career_transition_or_entry,Data Analyst,"SQL Basics, Advanced SQL, Excel for Data Analysis, Data Visualization, Descriptive Statistics, Exploratory Data Analysis",9,10,active,high
GOAL0068,LRN0068,Become a Data Scientist,career_transition_or_entry,Data Scientist,"Python Data Structures, Inferential Statistics, ML Foundations, Regression Techniques, Classification Techniques, Model Evaluation",12,14,active,high
GOAL0069,LRN0069,Become a Machine Learning Engineer,career_transition_or_entry,Machine Learning Engineer,"ML Foundations, Feature Engineering, Neural Networks, Deep Learning, Model Deployment, Model Evaluation",3,5,active,high
GOAL0070,LRN0070,Become a Full Stack Developer,career_transition_or_entry,Full Stack Developer,"HTML & CSS, JavaScript Basics, React Fundamentals, Node.js Basics, REST API Design, Database Design (RDBMS)",6,7,active,high
GOAL0071,LRN0071,Become a Data Engineer,career_transition_or_entry,Data Engineer,"Advanced SQL, Data Modeling, ETL Fundamentals, Apache Spark Basics, Data Warehousing, Data Pipeline Design",9,10,active,high
GOAL0072,LRN0072,Become a Cloud/DevOps Engineer,career_transition_or_entry,Cloud/DevOps Engineer,"Linux Fundamentals, Cloud Computing Basics, AWS Core Services, Docker Fundamentals, Kubernetes Basics, CI/CD Pipelines",12,14,active,high
GOAL0073,LRN0073,Become a Data Analyst,career_transition_or_entry,Data Analyst,"SQL Basics, Advanced SQL, Excel for Data Analysis, Data Visualization, Descriptive Statistics, Exploratory Data Analysis",3,5,active,high
GOAL0074,LRN0074,Become a Data Scientist,career_transition_or_entry,Data Scientist,"Python Data Structures, Inferential Statistics, ML Foundations, Regression Techniques, Classification Techniques, Model Evaluation",6,7,active,high
GOAL0075,LRN0075,Become a Machine Learning Engineer,career_transition_or_entry,Machine Learning Engineer,"ML Foundations, Feature Engineering, Neural Networks, Deep Learning, Model Deployment, Model Evaluation",9,10,active,high
GOAL0076,LRN0076,Become a Full Stack Developer,career_transition_or_entry,Full Stack Developer,"HTML & CSS, JavaScript Basics, React Fundamentals, Node.js Basics, REST API Design, Database Design (RDBMS)",12,14,active,high
GOAL0077,LRN0077,Become a Data Engineer,career_transition_or_entry,Data Engineer,"Advanced SQL, Data Modeling, ETL Fundamentals, Apache Spark Basics, Data Warehousing, Data Pipeline Design",3,5,active,high
GOAL0078,LRN0078,Become a Cloud/DevOps Engineer,career_transition_or_entry,Cloud/DevOps Engineer,"Linux Fundamentals, Cloud Computing Basics, AWS Core Services, Docker Fundamentals, Kubernetes Basics, CI/CD Pipelines",6,7,active,high
GOAL0079,LRN0079,Become a Data Analyst,career_transition_or_entry,Data Analyst,"SQL Basics, Advanced SQL, Excel for Data Analysis, Data Visualization, Descriptive Statistics, Exploratory Data Analysis",9,10,active,high
GOAL0080,LRN0080,Become a Data Scientist,career_transition_or_entry,Data Scientist,"Python Data Structures, Inferential Statistics, ML Foundations, Regression Techniques, Classification Techniques, Model Evaluation",12,14,active,high
GOAL0081,LRN0081,Become a Machine Learning Engineer,career_transition_or_entry,Machine Learning Engineer,"ML Foundations, Feature Engineering, Neural Networks, Deep Learning, Model Deployment, Model Evaluation",3,5,active,high
GOAL0082,LRN0082,Become a Full Stack Developer,career_transition_or_entry,Full Stack Developer,"HTML & CSS, JavaScript Basics, React Fundamentals, Node.js Basics, REST API Design, Database Design (RDBMS)",6,7,active,high
GOAL0083,LRN0083,Become a Data Engineer,career_transition_or_entry,Data Engineer,"Advanced SQL, Data Modeling, ETL Fundamentals, Apache Spark Basics, Data Warehousing, Data Pipeline Design",9,10,active,high
GOAL0084,LRN0084,Become a Cloud/DevOps Engineer,career_transition_or_entry,Cloud/DevOps Engineer,"Linux Fundamentals, Cloud Computing Basics, AWS Core Services, Docker Fundamentals, Kubernetes Basics, CI/CD Pipelines",12,14,active,high
GOAL0085,LRN0085,Become a Data Analyst,career_transition_or_entry,Data Analyst,"SQL Basics, Advanced SQL, Excel for Data Analysis, Data Visualization, Descriptive Statistics, Exploratory Data Analysis",3,5,active,high
GOAL0086,LRN0086,Become a Data Scientist,career_transition_or_entry,Data Scientist,"Python Data Structures, Inferential Statistics, ML Foundations, Regression Techniques, Classification Techniques, Model Evaluation",6,7,active,high
GOAL0087,LRN0087,Become a Machine Learning Engineer,career_transition_or_entry,Machine Learning Engineer,"ML Foundations, Feature Engineering, Neural Networks, Deep Learning, Model Deployment, Model Evaluation",9,10,active,high
GOAL0088,LRN0088,Become a Full Stack Developer,career_transition_or_entry,Full Stack Developer,"HTML & CSS, JavaScript Basics, React Fundamentals, Node.js Basics, REST API Design, Database Design (RDBMS)",12,14,active,high
GOAL0089,LRN0089,Become a Data Engineer,career_transition_or_entry,Data Engineer,"Advanced SQL, Data Modeling, ETL Fundamentals, Apache Spark Basics, Data Warehousing, Data Pipeline Design",3,5,active,high
GOAL0090,LRN0090,Become a Cloud/DevOps Engineer,career_transition_or_entry,Cloud/DevOps Engineer,"Linux Fundamentals, Cloud Computing Basics, AWS Core Services, Docker Fundamentals, Kubernetes Basics, CI/CD Pipelines",6,7,active,high
GOAL0091,LRN0091,Become a Data Analyst,career_transition_or_entry,Data Analyst,"SQL Basics, Advanced SQL, Excel for Data Analysis, Data Visualization, Descriptive Statistics, Exploratory Data Analysis",9,10,active,high
GOAL0092,LRN0092,Become a Data Scientist,career_transition_or_entry,Data Scientist,"Python Data Structures, Inferential Statistics, ML Foundations, Regression Techniques, Classification Techniques, Model Evaluation",12,14,active,high
GOAL0093,LRN0093,Become a Machine Learning Engineer,career_transition_or_entry,Machine Learning Engineer,"ML Foundations, Feature Engineering, Neural Networks, Deep Learning, Model Deployment, Model Evaluation",3,5,active,high
GOAL0094,LRN0094,Become a Full Stack Developer,career_transition_or_entry,Full Stack Developer,"HTML & CSS, JavaScript Basics, React Fundamentals, Node.js Basics, REST API Design, Database Design (RDBMS)",6,7,active,high
GOAL0095,LRN0095,Become a Data Engineer,career_transition_or_entry,Data Engineer,"Advanced SQL, Data Modeling, ETL Fundamentals, Apache Spark Basics, Data Warehousing, Data Pipeline Design",9,10,active,high
GOAL0096,LRN0096,Become a Cloud/DevOps Engineer,career_transition_or_entry,Cloud/DevOps Engineer,"Linux Fundamentals, Cloud Computing Basics, AWS Core Services, Docker Fundamentals, Kubernetes Basics, CI/CD Pipelines",12,14,active,high
GOAL0097,LRN0097,Become a Data Analyst,career_transition_or_entry,Data Analyst,"SQL Basics, Advanced SQL, Excel for Data Analysis, Data Visualization, Descriptive Statistics, Exploratory Data Analysis",3,5,active,high
GOAL0098,LRN0098,Become a Data Scientist,career_transition_or_entry,Data Scientist,"Python Data Structures, Inferential Statistics, ML Foundations, Regression Techniques, Classification Techniques, Model Evaluation",6,7,active,high
GOAL0099,LRN0099,Become a Machine Learning Engineer,career_transition_or_entry,Machine Learning Engineer,"ML Foundations, Feature Engineering, Neural Networks, Deep Learning, Model Deployment, Model Evaluation",9,10,active,high
GOAL0100,LRN0100,Become a Full Stack Developer,career_transition_or_entry,Full Stack Developer,"HTML & CSS, JavaScript Basics, React Fundamentals, Node.js Basics, REST API Design, Database Design (RDBMS)",12,14,active,high
GOAL0101,LRN0101,Become a Data Engineer,career_transition_or_entry,Data Engineer,"Advanced SQL, Data Modeling, ETL Fundamentals, Apache Spark Basics, Data Warehousing, Data Pipeline Design",3,5,active,high
GOAL0102,LRN0102,Become a Cloud/DevOps Engineer,career_transition_or_entry,Cloud/DevOps Engineer,"Linux Fundamentals, Cloud Computing Basics, AWS Core Services, Docker Fundamentals, Kubernetes Basics, CI/CD Pipelines",6,7,active,high
GOAL0103,LRN0103,Become a Data Analyst,career_transition_or_entry,Data Analyst,"SQL Basics, Advanced SQL, Excel for Data Analysis, Data Visualization, Descriptive Statistics, Exploratory Data Analysis",9,10,active,high
GOAL0104,LRN0104,Become a Data Scientist,career_transition_or_entry,Data Scientist,"Python Data Structures, Inferential Statistics, ML Foundations, Regression Techniques, Classification Techniques, Model Evaluation",12,14,active,high
GOAL0105,LRN0105,Become a Machine Learning Engineer,career_transition_or_entry,Machine Learning Engineer,"ML Foundations, Feature Engineering, Neural Networks, Deep Learning, Model Deployment, Model Evaluation",3,5,active,high
GOAL0106,LRN0106,Become a Full Stack Developer,career_transition_or_entry,Full Stack Developer,"HTML & CSS, JavaScript Basics, React Fundamentals, Node.js Basics, REST API Design, Database Design (RDBMS)",6,7,active,high
GOAL0107,LRN0107,Become a Data Engineer,career_transition_or_entry,Data Engineer,"Advanced SQL, Data Modeling, ETL Fundamentals, Apache Spark Basics, Data Warehousing, Data Pipeline Design",9,10,active,high
GOAL0108,LRN0108,Become a Cloud/DevOps Engineer,career_transition_or_entry,Cloud/DevOps Engineer,"Linux Fundamentals, Cloud Computing Basics, AWS Core Services, Docker Fundamentals, Kubernetes Basics, CI/CD Pipelines",12,14,active,high
GOAL0109,LRN0109,Become a Data Analyst,career_transition_or_entry,Data Analyst,"SQL Basics, Advanced SQL, Excel for Data Analysis, Data Visualization, Descriptive Statistics, Exploratory Data Analysis",3,5,active,high
GOAL0110,LRN0110,Become a Data Scientist,career_transition_or_entry,Data Scientist,"Python Data Structures, Inferential Statistics, ML Foundations, Regression Techniques, Classification Techniques, Model Evaluation",6,7,active,high
GOAL0111,LRN0111,Become a Machine Learning Engineer,career_transition_or_entry,Machine Learning Engineer,"ML Foundations, Feature Engineering, Neural Networks, Deep Learning, Model Deployment, Model Evaluation",9,10,active,high
GOAL0112,LRN0112,Become a Full Stack Developer,career_transition_or_entry,Full Stack Developer,"HTML & CSS, JavaScript Basics, React Fundamentals, Node.js Basics, REST API Design, Database Design (RDBMS)",12,14,active,high
GOAL0113,LRN0113,Become a Data Engineer,career_transition_or_entry,Data Engineer,"Advanced SQL, Data Modeling, ETL Fundamentals, Apache Spark Basics, Data Warehousing, Data Pipeline Design",3,5,active,high
GOAL0114,LRN0114,Become a Cloud/DevOps Engineer,career_transition_or_entry,Cloud/DevOps Engineer,"Linux Fundamentals, Cloud Computing Basics, AWS Core Services, Docker Fundamentals, Kubernetes Basics, CI/CD Pipelines",6,7,active,high
GOAL0115,LRN0115,Become a Data Analyst,career_transition_or_entry,Data Analyst,"SQL Basics, Advanced SQL, Excel for Data Analysis, Data Visualization, Descriptive Statistics, Exploratory Data Analysis",9,10,active,high
GOAL0116,LRN0116,Become a Data Scientist,career_transition_or_entry,Data Scientist,"Python Data Structures, Inferential Statistics, ML Foundations, Regression Techniques, Classification Techniques, Model Evaluation",12,14,active,high
GOAL0117,LRN0117,Become a Machine Learning Engineer,career_transition_or_entry,Machine Learning Engineer,"ML Foundations, Feature Engineering, Neural Networks, Deep Learning, Model Deployment, Model Evaluation",3,5,active,high
GOAL0118,LRN0118,Become a Full Stack Developer,career_transition_or_entry,Full Stack Developer,"HTML & CSS, JavaScript Basics, React Fundamentals, Node.js Basics, REST API Design, Database Design (RDBMS)",6,7,active,high
GOAL0119,LRN0119,Become a Data Engineer,career_transition_or_entry,Data Engineer,"Advanced SQL, Data Modeling, ETL Fundamentals, Apache Spark Basics, Data Warehousing, Data Pipeline Design",9,10,active,high
GOAL0120,LRN0120,Become a Cloud/DevOps Engineer,career_transition_or_entry,Cloud/DevOps Engineer,"Linux Fundamentals, Cloud Computing Basics, AWS Core Services, Docker Fundamentals, Kubernetes Basics, CI/CD Pipelines",12,14,active,high
GOAL0121,LRN0121,Become a Data Analyst,career_transition_or_entry,Data Analyst,"SQL Basics, Advanced SQL, Excel for Data Analysis, Data Visualization, Descriptive Statistics, Exploratory Data Analysis",3,5,active,high
GOAL0122,LRN0122,Become a Data Scientist,career_transition_or_entry,Data Scientist,"Python Data Structures, Inferential Statistics, ML Foundations, Regression Techniques, Classification Techniques, Model Evaluation",6,7,active,high
GOAL0123,LRN0123,Become a Machine Learning Engineer,career_transition_or_entry,Machine Learning Engineer,"ML Foundations, Feature Engineering, Neural Networks, Deep Learning, Model Deployment, Model Evaluation",9,10,active,high
GOAL0124,LRN0124,Become a Full Stack Developer,career_transition_or_entry,Full Stack Developer,"HTML & CSS, JavaScript Basics, React Fundamentals, Node.js Basics, REST API Design, Database Design (RDBMS)",12,14,active,high
GOAL0125,LRN0125,Become a Data Engineer,career_transition_or_entry,Data Engineer,"Advanced SQL, Data Modeling, ETL Fundamentals, Apache Spark Basics, Data Warehousing, Data Pipeline Design",3,5,active,high
GOAL0126,LRN0126,Become a Cloud/DevOps Engineer,career_transition_or_entry,Cloud/DevOps Engineer,"Linux Fundamentals, Cloud Computing Basics, AWS Core Services, Docker Fundamentals, Kubernetes Basics, CI/CD Pipelines",6,7,active,high
GOAL0127,LRN0127,Become a Data Analyst,career_transition_or_entry,Data Analyst,"SQL Basics, Advanced SQL, Excel for Data Analysis, Data Visualization, Descriptive Statistics, Exploratory Data Analysis",9,10,active,high
GOAL0128,LRN0128,Become a Data Scientist,career_transition_or_entry,Data Scientist,"Python Data Structures, Inferential Statistics, ML Foundations, Regression Techniques, Classification Techniques, Model Evaluation",12,14,active,high
GOAL0129,LRN0129,Become a Machine Learning Engineer,career_transition_or_entry,Machine Learning Engineer,"ML Foundations, Feature Engineering, Neural Networks, Deep Learning, Model Deployment, Model Evaluation",3,5,active,high
GOAL0130,LRN0130,Become a Full Stack Developer,career_transition_or_entry,Full Stack Developer,"HTML & CSS, JavaScript Basics, React Fundamentals, Node.js Basics, REST API Design, Database Design (RDBMS)",6,7,active,high
GOAL0131,LRN0131,Become a Data Engineer,career_transition_or_entry,Data Engineer,"Advanced SQL, Data Modeling, ETL Fundamentals, Apache Spark Basics, Data Warehousing, Data Pipeline Design",9,10,active,high
GOAL0132,LRN0132,Become a Cloud/DevOps Engineer,career_transition_or_entry,Cloud/DevOps Engineer,"Linux Fundamentals, Cloud Computing Basics, AWS Core Services, Docker Fundamentals, Kubernetes Basics, CI/CD Pipelines",12,14,active,high
GOAL0133,LRN0133,Become a Data Analyst,career_transition_or_entry,Data Analyst,"SQL Basics, Advanced SQL, Excel for Data Analysis, Data Visualization, Descriptive Statistics, Exploratory Data Analysis",3,5,active,high
GOAL0134,LRN0134,Become a Data Scientist,career_transition_or_entry,Data Scientist,"Python Data Structures, Inferential Statistics, ML Foundations, Regression Techniques, Classification Techniques, Model Evaluation",6,7,active,high
GOAL0135,LRN0135,Become a Machine Learning Engineer,career_transition_or_entry,Machine Learning Engineer,"ML Foundations, Feature Engineering, Neural Networks, Deep Learning, Model Deployment, Model Evaluation",9,10,active,high
GOAL0136,LRN0136,Become a Full Stack Developer,career_transition_or_entry,Full Stack Developer,"HTML & CSS, JavaScript Basics, React Fundamentals, Node.js Basics, REST API Design, Database Design (RDBMS)",12,14,active,high
GOAL0137,LRN0137,Become a Data Engineer,career_transition_or_entry,Data Engineer,"Advanced SQL, Data Modeling, ETL Fundamentals, Apache Spark Basics, Data Warehousing, Data Pipeline Design",3,5,active,high
GOAL0138,LRN0138,Become a Cloud/DevOps Engineer,career_transition_or_entry,Cloud/DevOps Engineer,"Linux Fundamentals, Cloud Computing Basics, AWS Core Services, Docker Fundamentals, Kubernetes Basics, CI/CD Pipelines",6,7,active,high
GOAL0139,LRN0139,Become a Data Analyst,career_transition_or_entry,Data Analyst,"SQL Basics, Advanced SQL, Excel for Data Analysis, Data Visualization, Descriptive Statistics, Exploratory Data Analysis",9,10,active,high
GOAL0140,LRN0140,Become a Data Scientist,career_transition_or_entry,Data Scientist,"Python Data Structures, Inferential Statistics, ML Foundations, Regression Techniques, Classification Techniques, Model Evaluation",12,14,active,high
GOAL0141,LRN0141,Become a Machine Learning Engineer,career_transition_or_entry,Machine Learning Engineer,"ML Foundations, Feature Engineering, Neural Networks, Deep Learning, Model Deployment, Model Evaluation",3,5,active,high
GOAL0142,LRN0142,Become a Full Stack Developer,career_transition_or_entry,Full Stack Developer,"HTML & CSS, JavaScript Basics, React Fundamentals, Node.js Basics, REST API Design, Database Design (RDBMS)",6,7,active,high
GOAL0143,LRN0143,Become a Data Engineer,career_transition_or_entry,Data Engineer,"Advanced SQL, Data Modeling, ETL Fundamentals, Apache Spark Basics, Data Warehousing, Data Pipeline Design",9,10,active,high
GOAL0144,LRN0144,Become a Cloud/DevOps Engineer,career_transition_or_entry,Cloud/DevOps Engineer,"Linux Fundamentals, Cloud Computing Basics, AWS Core Services, Docker Fundamentals, Kubernetes Basics, CI/CD Pipelines",12,14,active,high
GOAL0145,LRN0145,Become a Data Analyst,career_transition_or_entry,Data Analyst,"SQL Basics, Advanced SQL, Excel for Data Analysis, Data Visualization, Descriptive Statistics, Exploratory Data Analysis",3,5,active,high
GOAL0146,LRN0146,Become a Data Scientist,career_transition_or_entry,Data Scientist,"Python Data Structures, Inferential Statistics, ML Foundations, Regression Techniques, Classification Techniques, Model Evaluation",6,7,active,high
GOAL0147,LRN0147,Become a Machine Learning Engineer,career_transition_or_entry,Machine Learning Engineer,"ML Foundations, Feature Engineering, Neural Networks, Deep Learning, Model Deployment, Model Evaluation",9,10,active,high
GOAL0148,LRN0148,Become a Full Stack Developer,career_transition_or_entry,Full Stack Developer,"HTML & CSS, JavaScript Basics, React Fundamentals, Node.js Basics, REST API Design, Database Design (RDBMS)",12,14,active,high
GOAL0149,LRN0149,Become a Data Engineer,career_transition_or_entry,Data Engineer,"Advanced SQL, Data Modeling, ETL Fundamentals, Apache Spark Basics, Data Warehousing, Data Pipeline Design",3,5,active,high
GOAL0150,LRN0150,Become a Cloud/DevOps Engineer,career_transition_or_entry,Cloud/DevOps Engineer,"Linux Fundamentals, Cloud Computing Basics, AWS Core Services, Docker Fundamentals, Kubernetes Basics, CI/CD Pipelines",6,7,active,high
GOAL0151,LRN0151,Become a Data Analyst,career_transition_or_entry,Data Analyst,"SQL Basics, Advanced SQL, Excel for Data Analysis, Data Visualization, Descriptive Statistics, Exploratory Data Analysis",9,10,active,high
GOAL0152,LRN0152,Become a Data Scientist,career_transition_or_entry,Data Scientist,"Python Data Structures, Inferential Statistics, ML Foundations, Regression Techniques, Classification Techniques, Model Evaluation",12,14,active,high
GOAL0153,LRN0153,Become a Machine Learning Engineer,career_transition_or_entry,Machine Learning Engineer,"ML Foundations, Feature Engineering, Neural Networks, Deep Learning, Model Deployment, Model Evaluation",3,5,active,high
GOAL0154,LRN0154,Become a Full Stack Developer,career_transition_or_entry,Full Stack Developer,"HTML & CSS, JavaScript Basics, React Fundamentals, Node.js Basics, REST API Design, Database Design (RDBMS)",6,7,active,high
GOAL0155,LRN0155,Become a Data Engineer,career_transition_or_entry,Data Engineer,"Advanced SQL, Data Modeling, ETL Fundamentals, Apache Spark Basics, Data Warehousing, Data Pipeline Design",9,10,active,high
GOAL0156,LRN0156,Become a Cloud/DevOps Engineer,career_transition_or_entry,Cloud/DevOps Engineer,"Linux Fundamentals, Cloud Computing Basics, AWS Core Services, Docker Fundamentals, Kubernetes Basics, CI/CD Pipelines",12,14,active,high
GOAL0157,LRN0157,Become a Data Analyst,career_transition_or_entry,Data Analyst,"SQL Basics, Advanced SQL, Excel for Data Analysis, Data Visualization, Descriptive Statistics, Exploratory Data Analysis",3,5,active,high
GOAL0158,LRN0158,Become a Data Scientist,career_transition_or_entry,Data Scientist,"Python Data Structures, Inferential Statistics, ML Foundations, Regression Techniques, Classification Techniques, Model Evaluation",6,7,active,high
GOAL0159,LRN0159,Become a Machine Learning Engineer,career_transition_or_entry,Machine Learning Engineer,"ML Foundations, Feature Engineering, Neural Networks, Deep Learning, Model Deployment, Model Evaluation",9,10,active,high
GOAL0160,LRN0160,Become a Full Stack Developer,career_transition_or_entry,Full Stack Developer,"HTML & CSS, JavaScript Basics, React Fundamentals, Node.js Basics, REST API Design, Database Design (RDBMS)",12,14,active,high
GOAL0161,LRN0161,Become a Data Engineer,career_transition_or_entry,Data Engineer,"Advanced SQL, Data Modeling, ETL Fundamentals, Apache Spark Basics, Data Warehousing, Data Pipeline Design",3,5,active,high
GOAL0162,LRN0162,Become a Cloud/DevOps Engineer,career_transition_or_entry,Cloud/DevOps Engineer,"Linux Fundamentals, Cloud Computing Basics, AWS Core Services, Docker Fundamentals, Kubernetes Basics, CI/CD Pipelines",6,7,active,high
GOAL0163,LRN0163,Become a Data Analyst,career_transition_or_entry,Data Analyst,"SQL Basics, Advanced SQL, Excel for Data Analysis, Data Visualization, Descriptive Statistics, Exploratory Data Analysis",9,10,active,high
GOAL0164,LRN0164,Become a Data Scientist,career_transition_or_entry,Data Scientist,"Python Data Structures, Inferential Statistics, ML Foundations, Regression Techniques, Classification Techniques, Model Evaluation",12,14,active,high
GOAL0165,LRN0165,Become a Machine Learning Engineer,career_transition_or_entry,Machine Learning Engineer,"ML Foundations, Feature Engineering, Neural Networks, Deep Learning, Model Deployment, Model Evaluation",3,5,active,high
GOAL0166,LRN0166,Become a Full Stack Developer,career_transition_or_entry,Full Stack Developer,"HTML & CSS, JavaScript Basics, React Fundamentals, Node.js Basics, REST API Design, Database Design (RDBMS)",6,7,active,high
GOAL0167,LRN0167,Become a Data Engineer,career_transition_or_entry,Data Engineer,"Advanced SQL, Data Modeling, ETL Fundamentals, Apache Spark Basics, Data Warehousing, Data Pipeline Design",9,10,active,high
GOAL0168,LRN0168,Become a Cloud/DevOps Engineer,career_transition_or_entry,Cloud/DevOps Engineer,"Linux Fundamentals, Cloud Computing Basics, AWS Core Services, Docker Fundamentals, Kubernetes Basics, CI/CD Pipelines",12,14,active,high
GOAL0169,LRN0169,Become a Data Analyst,career_transition_or_entry,Data Analyst,"SQL Basics, Advanced SQL, Excel for Data Analysis, Data Visualization, Descriptive Statistics, Exploratory Data Analysis",3,5,active,high
GOAL0170,LRN0170,Become a Data Scientist,career_transition_or_entry,Data Scientist,"Python Data Structures, Inferential Statistics, ML Foundations, Regression Techniques, Classification Techniques, Model Evaluation",6,7,active,high
GOAL0171,LRN0171,Become a Machine Learning Engineer,career_transition_or_entry,Machine Learning Engineer,"ML Foundations, Feature Engineering, Neural Networks, Deep Learning, Model Deployment, Model Evaluation",9,10,active,high
GOAL0172,LRN0172,Become a Full Stack Developer,career_transition_or_entry,Full Stack Developer,"HTML & CSS, JavaScript Basics, React Fundamentals, Node.js Basics, REST API Design, Database Design (RDBMS)",12,14,active,high
GOAL0173,LRN0173,Become a Data Engineer,career_transition_or_entry,Data Engineer,"Advanced SQL, Data Modeling, ETL Fundamentals, Apache Spark Basics, Data Warehousing, Data Pipeline Design",3,5,active,high
GOAL0174,LRN0174,Become a Cloud/DevOps Engineer,career_transition_or_entry,Cloud/DevOps Engineer,"Linux Fundamentals, Cloud Computing Basics, AWS Core Services, Docker Fundamentals, Kubernetes Basics, CI/CD Pipelines",6,7,active,high
GOAL0175,LRN0175,Become a Data Analyst,career_transition_or_entry,Data Analyst,"SQL Basics, Advanced SQL, Excel for Data Analysis, Data Visualization, Descriptive Statistics, Exploratory Data Analysis",9,10,active,high
GOAL0176,LRN0176,Become a Data Scientist,career_transition_or_entry,Data Scientist,"Python Data Structures, Inferential Statistics, ML Foundations, Regression Techniques, Classification Techniques, Model Evaluation",12,14,active,high
GOAL0177,LRN0177,Become a Machine Learning Engineer,career_transition_or_entry,Machine Learning Engineer,"ML Foundations, Feature Engineering, Neural Networks, Deep Learning, Model Deployment, Model Evaluation",3,5,active,high
GOAL0178,LRN0178,Become a Full Stack Developer,career_transition_or_entry,Full Stack Developer,"HTML & CSS, JavaScript Basics, React Fundamentals, Node.js Basics, REST API Design, Database Design (RDBMS)",6,7,active,high
GOAL0179,LRN0179,Become a Data Engineer,career_transition_or_entry,Data Engineer,"Advanced SQL, Data Modeling, ETL Fundamentals, Apache Spark Basics, Data Warehousing, Data Pipeline Design",9,10,active,high
GOAL0180,LRN0180,Become a Cloud/DevOps Engineer,career_transition_or_entry,Cloud/DevOps Engineer,"Linux Fundamentals, Cloud Computing Basics, AWS Core Services, Docker Fundamentals, Kubernetes Basics, CI/CD Pipelines",12,14,active,high
GOAL0181,LRN0181,Become a Data Analyst,career_transition_or_entry,Data Analyst,"SQL Basics, Advanced SQL, Excel for Data Analysis, Data Visualization, Descriptive Statistics, Exploratory Data Analysis",3,5,active,high
GOAL0182,LRN0182,Become a Data Scientist,career_transition_or_entry,Data Scientist,"Python Data Structures, Inferential Statistics, ML Foundations, Regression Techniques, Classification Techniques, Model Evaluation",6,7,active,high
GOAL0183,LRN0183,Become a Machine Learning Engineer,career_transition_or_entry,Machine Learning Engineer,"ML Foundations, Feature Engineering, Neural Networks, Deep Learning, Model Deployment, Model Evaluation",9,10,active,high
GOAL0184,LRN0184,Become a Full Stack Developer,career_transition_or_entry,Full Stack Developer,"HTML & CSS, JavaScript Basics, React Fundamentals, Node.js Basics, REST API Design, Database Design (RDBMS)",12,14,active,high
GOAL0185,LRN0185,Become a Data Engineer,career_transition_or_entry,Data Engineer,"Advanced SQL, Data Modeling, ETL Fundamentals, Apache Spark Basics, Data Warehousing, Data Pipeline Design",3,5,active,high
GOAL0186,LRN0186,Become a Cloud/DevOps Engineer,career_transition_or_entry,Cloud/DevOps Engineer,"Linux Fundamentals, Cloud Computing Basics, AWS Core Services, Docker Fundamentals, Kubernetes Basics, CI/CD Pipelines",6,7,active,high
GOAL0187,LRN0187,Become a Data Analyst,career_transition_or_entry,Data Analyst,"SQL Basics, Advanced SQL, Excel for Data Analysis, Data Visualization, Descriptive Statistics, Exploratory Data Analysis",9,10,active,high
GOAL0188,LRN0188,Become a Data Scientist,career_transition_or_entry,Data Scientist,"Python Data Structures, Inferential Statistics, ML Foundations, Regression Techniques, Classification Techniques, Model Evaluation",12,14,active,high
GOAL0189,LRN0189,Become a Machine Learning Engineer,career_transition_or_entry,Machine Learning Engineer,"ML Foundations, Feature Engineering, Neural Networks, Deep Learning, Model Deployment, Model Evaluation",3,5,active,high
GOAL0190,LRN0190,Become a Full Stack Developer,career_transition_or_entry,Full Stack Developer,"HTML & CSS, JavaScript Basics, React Fundamentals, Node.js Basics, REST API Design, Database Design (RDBMS)",6,7,active,high
GOAL0191,LRN0191,Become a Data Engineer,career_transition_or_entry,Data Engineer,"Advanced SQL, Data Modeling, ETL Fundamentals, Apache Spark Basics, Data Warehousing, Data Pipeline Design",9,10,active,high
GOAL0192,LRN0192,Become a Cloud/DevOps Engineer,career_transition_or_entry,Cloud/DevOps Engineer,"Linux Fundamentals, Cloud Computing Basics, AWS Core Services, Docker Fundamentals, Kubernetes Basics, CI/CD Pipelines",12,14,active,high
GOAL0193,LRN0193,Become a Data Analyst,career_transition_or_entry,Data Analyst,"SQL Basics, Advanced SQL, Excel for Data Analysis, Data Visualization, Descriptive Statistics, Exploratory Data Analysis",3,5,active,high
GOAL0194,LRN0194,Become a Data Scientist,career_transition_or_entry,Data Scientist,"Python Data Structures, Inferential Statistics, ML Foundations, Regression Techniques, Classification Techniques, Model Evaluation",6,7,active,high
GOAL0195,LRN0195,Become a Machine Learning Engineer,career_transition_or_entry,Machine Learning Engineer,"ML Foundations, Feature Engineering, Neural Networks, Deep Learning, Model Deployment, Model Evaluation",9,10,active,high
GOAL0196,LRN0196,Become a Full Stack Developer,career_transition_or_entry,Full Stack Developer,"HTML & CSS, JavaScript Basics, React Fundamentals, Node.js Basics, REST API Design, Database Design (RDBMS)",12,14,active,high
GOAL0197,LRN0197,Become a Data Engineer,career_transition_or_entry,Data Engineer,"Advanced SQL, Data Modeling, ETL Fundamentals, Apache Spark Basics, Data Warehousing, Data Pipeline Design",3,5,active,high
GOAL0198,LRN0198,Become a Cloud/DevOps Engineer,career_transition_or_entry,Cloud/DevOps Engineer,"Linux Fundamentals, Cloud Computing Basics, AWS Core Services, Docker Fundamentals, Kubernetes Basics, CI/CD Pipelines",6,7,active,high
GOAL0199,LRN0199,Become a Data Analyst,career_transition_or_entry,Data Analyst,"SQL Basics, Advanced SQL, Excel for Data Analysis, Data Visualization, Descriptive Statistics, Exploratory Data Analysis",9,10,active,high
GOAL0200,LRN0200,Become a Data Scientist,career_transition_or_entry,Data Scientist,"Python Data Structures, Inferential Statistics, ML Foundations, Regression Techniques, Classification Techniques, Model Evaluation",12,14,active,high
GOAL0201,LRN0201,Become a Machine Learning Engineer,career_transition_or_entry,Machine Learning Engineer,"ML Foundations, Feature Engineering, Neural Networks, Deep Learning, Model Deployment, Model Evaluation",3,5,active,high
GOAL0202,LRN0202,Become a Full Stack Developer,career_transition_or_entry,Full Stack Developer,"HTML & CSS, JavaScript Basics, React Fundamentals, Node.js Basics, REST API Design, Database Design (RDBMS)",6,7,active,high
GOAL0203,LRN0203,Become a Data Engineer,career_transition_or_entry,Data Engineer,"Advanced SQL, Data Modeling, ETL Fundamentals, Apache Spark Basics, Data Warehousing, Data Pipeline Design",9,10,active,high
GOAL0204,LRN0204,Become a Cloud/DevOps Engineer,career_transition_or_entry,Cloud/DevOps Engineer,"Linux Fundamentals, Cloud Computing Basics, AWS Core Services, Docker Fundamentals, Kubernetes Basics, CI/CD Pipelines",12,14,active,high
GOAL0205,LRN0205,Become a Data Analyst,career_transition_or_entry,Data Analyst,"SQL Basics, Advanced SQL, Excel for Data Analysis, Data Visualization, Descriptive Statistics, Exploratory Data Analysis",3,5,active,high
GOAL0206,LRN0206,Become a Data Scientist,career_transition_or_entry,Data Scientist,"Python Data Structures, Inferential Statistics, ML Foundations, Regression Techniques, Classification Techniques, Model Evaluation",6,7,active,high
GOAL0207,LRN0207,Become a Machine Learning Engineer,career_transition_or_entry,Machine Learning Engineer,"ML Foundations, Feature Engineering, Neural Networks, Deep Learning, Model Deployment, Model Evaluation",9,10,active,high
GOAL0208,LRN0208,Become a Full Stack Developer,career_transition_or_entry,Full Stack Developer,"HTML & CSS, JavaScript Basics, React Fundamentals, Node.js Basics, REST API Design, Database Design (RDBMS)",12,14,active,high
GOAL0209,LRN0209,Become a Data Engineer,career_transition_or_entry,Data Engineer,"Advanced SQL, Data Modeling, ETL Fundamentals, Apache Spark Basics, Data Warehousing, Data Pipeline Design",3,5,active,high
GOAL0210,LRN0210,Become a Cloud/DevOps Engineer,career_transition_or_entry,Cloud/DevOps Engineer,"Linux Fundamentals, Cloud Computing Basics, AWS Core Services, Docker Fundamentals, Kubernetes Basics, CI/CD Pipelines",6,7,active,high
GOAL0211,LRN0211,Become a Data Analyst,career_transition_or_entry,Data Analyst,"SQL Basics, Advanced SQL, Excel for Data Analysis, Data Visualization, Descriptive Statistics, Exploratory Data Analysis",9,10,active,high
GOAL0212,LRN0212,Become a Data Scientist,career_transition_or_entry,Data Scientist,"Python Data Structures, Inferential Statistics, ML Foundations, Regression Techniques, Classification Techniques, Model Evaluation",12,14,active,high
GOAL0213,LRN0213,Become a Machine Learning Engineer,career_transition_or_entry,Machine Learning Engineer,"ML Foundations, Feature Engineering, Neural Networks, Deep Learning, Model Deployment, Model Evaluation",3,5,active,high
GOAL0214,LRN0214,Become a Full Stack Developer,career_transition_or_entry,Full Stack Developer,"HTML & CSS, JavaScript Basics, React Fundamentals, Node.js Basics, REST API Design, Database Design (RDBMS)",6,7,active,high
GOAL0215,LRN0215,Become a Data Engineer,career_transition_or_entry,Data Engineer,"Advanced SQL, Data Modeling, ETL Fundamentals, Apache Spark Basics, Data Warehousing, Data Pipeline Design",9,10,active,high
GOAL0216,LRN0216,Become a Cloud/DevOps Engineer,career_transition_or_entry,Cloud/DevOps Engineer,"Linux Fundamentals, Cloud Computing Basics, AWS Core Services, Docker Fundamentals, Kubernetes Basics, CI/CD Pipelines",12,14,active,high
GOAL0217,LRN0217,Become a Data Analyst,career_transition_or_entry,Data Analyst,"SQL Basics, Advanced SQL, Excel for Data Analysis, Data Visualization, Descriptive Statistics, Exploratory Data Analysis",3,5,active,high
GOAL0218,LRN0218,Become a Data Scientist,career_transition_or_entry,Data Scientist,"Python Data Structures, Inferential Statistics, ML Foundations, Regression Techniques, Classification Techniques, Model Evaluation",6,7,active,high
GOAL0219,LRN0219,Become a Machine Learning Engineer,career_transition_or_entry,Machine Learning Engineer,"ML Foundations, Feature Engineering, Neural Networks, Deep Learning, Model Deployment, Model Evaluation",9,10,active,high
GOAL0220,LRN0220,Become a Full Stack Developer,career_transition_or_entry,Full Stack Developer,"HTML & CSS, JavaScript Basics, React Fundamentals, Node.js Basics, REST API Design, Database Design (RDBMS)",12,14,active,high
GOAL0221,LRN0221,Become a Data Engineer,career_transition_or_entry,Data Engineer,"Advanced SQL, Data Modeling, ETL Fundamentals, Apache Spark Basics, Data Warehousing, Data Pipeline Design",3,5,active,high
GOAL0222,LRN0222,Become a Cloud/DevOps Engineer,career_transition_or_entry,Cloud/DevOps Engineer,"Linux Fundamentals, Cloud Computing Basics, AWS Core Services, Docker Fundamentals, Kubernetes Basics, CI/CD Pipelines",6,7,active,high
GOAL0223,LRN0223,Become a Data Analyst,career_transition_or_entry,Data Analyst,"SQL Basics, Advanced SQL, Excel for Data Analysis, Data Visualization, Descriptive Statistics, Exploratory Data Analysis",9,10,active,high
GOAL0224,LRN0224,Become a Data Scientist,career_transition_or_entry,Data Scientist,"Python Data Structures, Inferential Statistics, ML Foundations, Regression Techniques, Classification Techniques, Model Evaluation",12,14,active,high
GOAL0225,LRN0225,Become a Machine Learning Engineer,career_transition_or_entry,Machine Learning Engineer,"ML Foundations, Feature Engineering, Neural Networks, Deep Learning, Model Deployment, Model Evaluation",3,5,active,high
GOAL0226,LRN0226,Become a Full Stack Developer,career_transition_or_entry,Full Stack Developer,"HTML & CSS, JavaScript Basics, React Fundamentals, Node.js Basics, REST API Design, Database Design (RDBMS)",6,7,active,high
GOAL0227,LRN0227,Become a Data Engineer,career_transition_or_entry,Data Engineer,"Advanced SQL, Data Modeling, ETL Fundamentals, Apache Spark Basics, Data Warehousing, Data Pipeline Design",9,10,active,high
GOAL0228,LRN0228,Become a Cloud/DevOps Engineer,career_transition_or_entry,Cloud/DevOps Engineer,"Linux Fundamentals, Cloud Computing Basics, AWS Core Services, Docker Fundamentals, Kubernetes Basics, CI/CD Pipelines",12,14,active,high
GOAL0229,LRN0229,Become a Data Analyst,career_transition_or_entry,Data Analyst,"SQL Basics, Advanced SQL, Excel for Data Analysis, Data Visualization, Descriptive Statistics, Exploratory Data Analysis",3,5,active,high
GOAL0230,LRN0230,Become a Data Scientist,career_transition_or_entry,Data Scientist,"Python Data Structures, Inferential Statistics, ML Foundations, Regression Techniques, Classification Techniques, Model Evaluation",6,7,active,high
GOAL0231,LRN0231,Become a Machine Learning Engineer,career_transition_or_entry,Machine Learning Engineer,"ML Foundations, Feature Engineering, Neural Networks, Deep Learning, Model Deployment, Model Evaluation",9,10,active,high
GOAL0232,LRN0232,Become a Full Stack Developer,career_transition_or_entry,Full Stack Developer,"HTML & CSS, JavaScript Basics, React Fundamentals, Node.js Basics, REST API Design, Database Design (RDBMS)",12,14,active,high
GOAL0233,LRN0233,Become a Data Engineer,career_transition_or_entry,Data Engineer,"Advanced SQL, Data Modeling, ETL Fundamentals, Apache Spark Basics, Data Warehousing, Data Pipeline Design",3,5,active,high
GOAL0234,LRN0234,Become a Cloud/DevOps Engineer,career_transition_or_entry,Cloud/DevOps Engineer,"Linux Fundamentals, Cloud Computing Basics, AWS Core Services, Docker Fundamentals, Kubernetes Basics, CI/CD Pipelines",6,7,active,high
GOAL0235,LRN0235,Become a Data Analyst,career_transition_or_entry,Data Analyst,"SQL Basics, Advanced SQL, Excel for Data Analysis, Data Visualization, Descriptive Statistics, Exploratory Data Analysis",9,10,active,high
GOAL0236,LRN0236,Become a Data Scientist,career_transition_or_entry,Data Scientist,"Python Data Structures, Inferential Statistics, ML Foundations, Regression Techniques, Classification Techniques, Model Evaluation",12,14,active,high
GOAL0237,LRN0237,Become a Machine Learning Engineer,career_transition_or_entry,Machine Learning Engineer,"ML Foundations, Feature Engineering, Neural Networks, Deep Learning, Model Deployment, Model Evaluation",3,5,active,high
GOAL0238,LRN0238,Become a Full Stack Developer,career_transition_or_entry,Full Stack Developer,"HTML & CSS, JavaScript Basics, React Fundamentals, Node.js Basics, REST API Design, Database Design (RDBMS)",6,7,active,high
GOAL0239,LRN0239,Become a Data Engineer,career_transition_or_entry,Data Engineer,"Advanced SQL, Data Modeling, ETL Fundamentals, Apache Spark Basics, Data Warehousing, Data Pipeline Design",9,10,active,high
GOAL0240,LRN0240,Become a Cloud/DevOps Engineer,career_transition_or_entry,Cloud/DevOps Engineer,"Linux Fundamentals, Cloud Computing Basics, AWS Core Services, Docker Fundamentals, Kubernetes Basics, CI/CD Pipelines",12,14,active,high
