mapping_id,resource_id,skill_id,skill_name,coverage_score
RSK0001,RES0001,SK001,Python Basics,1.0
RSK0002,RES0002,SK001,Python Basics,1.0
RSK0003,RES0003,SK001,Python Basics,1.0
RSK0004,RES0004,SK002,Git & Version Control,1.0
RSK0005,RES0004,SK001,Python Basics,0.3
RSK0006,RES0005,SK002,Git & Version Control,1.0
RSK0007,RES0005,SK001,Python Basics,0.3
RSK0008,RES0006,SK002,Git & Version Control,1.0
RSK0009,RES0006,SK001,Python Basics,0.3
RSK0010,RES0007,SK003,Python Data Structures,1.0
RSK0011,RES0007,SK001,Python Basics,0.3
RSK0012,RES0008,SK003,Python Data Structures,1.0
RSK0013,RES0008,SK001,Python Basics,0.3
RSK0014,RES0009,SK003,Python Data Structures,1.0
RSK0015,RES0009,SK001,Python Basics,0.3
RSK0016,RES0010,SK004,Java Basics,1.0
RSK0017,RES0010,SK001,Python Basics,0.3
RSK0018,RES0011,SK004,Java Basics,1.0
RSK0019,RES0011,SK001,Python Basics,0.3
RSK0020,RES0012,SK004,Java Basics,1.0
RSK0021,RES0012,SK001,Python Basics,0.3
RSK0022,RES0013,SK005,OOP in Python,1.0
RSK0023,RES0013,SK003,Python Data Structures,0.3
RSK0024,RES0014,SK005,OOP in Python,1.0
RSK0025,RES0014,SK003,Python Data Structures,0.3
RSK0026,RES0015,SK005,OOP in Python,1.0
RSK0027,RES0015,SK003,Python Data Structures,0.3
RSK0028,RES0016,SK006,C++ Basics,1.0
RSK0029,RES0016,SK001,Python Basics,0.3
RSK0030,RES0017,SK006,C++ Basics,1.0
RSK0031,RES0017,SK001,Python Basics,0.3
RSK0032,RES0018,SK006,C++ Basics,1.0
RSK0033,RES0018,SK001,Python Basics,0.3
RSK0034,RES0019,SK007,Data Structures & Algorithms,1.0
RSK0035,RES0019,SK005,OOP in Python,0.3
RSK0036,RES0020,SK007,Data Structures & Algorithms,1.0
RSK0037,RES0020,SK005,OOP in Python,0.3
RSK0038,RES0021,SK007,Data Structures & Algorithms,1.0
RSK0039,RES0021,SK005,OOP in Python,0.3
RSK0040,RES0022,SK008,Problem Solving (DSA Practice),1.0
RSK0041,RES0022,SK007,Data Structures & Algorithms,0.3
RSK0042,RES0023,SK008,Problem Solving (DSA Practice),1.0
RSK0043,RES0023,SK007,Data Structures & Algorithms,0.3
RSK0044,RES0024,SK008,Problem Solving (DSA Practice),1.0
RSK0045,RES0024,SK007,Data Structures & Algorithms,0.3
RSK0046,RES0025,SK009,Competitive Programming,1.0
RSK0047,RES0025,SK008,Problem Solving (DSA Practice),0.3
RSK0048,RES0026,SK009,Competitive Programming,1.0
RSK0049,RES0026,SK008,Problem Solving (DSA Practice),0.3
RSK0050,RES0027,SK009,Competitive Programming,1.0
RSK0051,RES0027,SK008,Problem Solving (DSA Practice),0.3
RSK0052,RES0028,SK010,System Design Basics,1.0
RSK0053,RES0028,SK007,Data Structures & Algorithms,0.3
RSK0054,RES0029,SK010,System Design Basics,1.0
RSK0055,RES0029,SK007,Data Structures & Algorithms,0.3
RSK0056,RES0030,SK010,System Design Basics,1.0
RSK0057,RES0030,SK007,Data Structures & Algorithms,0.3
RSK0058,RES0031,SK011,Descriptive Statistics,1.0
RSK0059,RES0032,SK011,Descriptive Statistics,1.0
RSK0060,RES0033,SK011,Descriptive Statistics,1.0
RSK0061,RES0034,SK012,SQL Basics,1.0
RSK0062,RES0035,SK012,SQL Basics,1.0
RSK0063,RES0036,SK012,SQL Basics,1.0
RSK0064,RES0037,SK013,Excel for Data Analysis,1.0
RSK0065,RES0038,SK013,Excel for Data Analysis,1.0
RSK0066,RES0039,SK013,Excel for Data Analysis,1.0
RSK0067,RES0040,SK014,Linear Algebra,1.0
RSK0068,RES0041,SK014,Linear Algebra,1.0
RSK0069,RES0042,SK014,Linear Algebra,1.0
RSK0070,RES0043,SK015,Probability Fundamentals,1.0
RSK0071,RES0043,SK011,Descriptive Statistics,0.3
RSK0072,RES0044,SK015,Probability Fundamentals,1.0
RSK0073,RES0044,SK011,Descriptive Statistics,0.3
RSK0074,RES0045,SK015,Probability Fundamentals,1.0
RSK0075,RES0045,SK011,Descriptive Statistics,0.3
RSK0076,RES0046,SK016,Data Visualization,1.0
RSK0077,RES0046,SK013,Excel for Data Analysis,0.3
RSK0078,RES0047,SK016,Data Visualization,1.0
RSK0079,RES0047,SK013,Excel for Data Analysis,0.3
RSK0080,RES0048,SK016,Data Visualization,1.0
RSK0081,RES0048,SK013,Excel for Data Analysis,0.3
RSK0082,RES0049,SK017,Inferential Statistics,1.0
RSK0083,RES0049,SK015,Probability Fundamentals,0.3
RSK0084,RES0050,SK017,Inferential Statistics,1.0
RSK0085,RES0050,SK015,Probability Fundamentals,0.3
RSK0086,RES0051,SK017,Inferential Statistics,1.0
RSK0087,RES0051,SK015,Probability Fundamentals,0.3
RSK0088,RES0052,SK018,Exploratory Data Analysis,1.0
RSK0089,RES0052,SK016,Data Visualization,0.3
RSK0090,RES0053,SK018,Exploratory Data Analysis,1.0
RSK0091,RES0053,SK016,Data Visualization,0.3
RSK0092,RES0054,SK018,Exploratory Data Analysis,1.0
RSK0093,RES0054,SK016,Data Visualization,0.3
RSK0094,RES0055,SK019,Advanced SQL,1.0
RSK0095,RES0055,SK012,SQL Basics,0.3
RSK0096,RES0056,SK019,Advanced SQL,1.0
RSK0097,RES0056,SK012,SQL Basics,0.3
RSK0098,RES0057,SK019,Advanced SQL,1.0
RSK0099,RES0057,SK012,SQL Basics,0.3
RSK0100,RES0058,SK020,Calculus for ML,1.0
RSK0101,RES0058,SK014,Linear Algebra,0.3
RSK0102,RES0059,SK020,Calculus for ML,1.0
RSK0103,RES0059,SK014,Linear Algebra,0.3
RSK0104,RES0060,SK020,Calculus for ML,1.0
RSK0105,RES0060,SK014,Linear Algebra,0.3
RSK0106,RES0061,SK021,ML Foundations,1.0
RSK0107,RES0061,SK017,Inferential Statistics,0.3
RSK0108,RES0062,SK021,ML Foundations,1.0
RSK0109,RES0062,SK017,Inferential Statistics,0.3
RSK0110,RES0063,SK021,ML Foundations,1.0
RSK0111,RES0063,SK017,Inferential Statistics,0.3
RSK0112,RES0064,SK022,Regression Techniques,1.0
RSK0113,RES0064,SK021,ML Foundations,0.3
RSK0114,RES0065,SK022,Regression Techniques,1.0
RSK0115,RES0065,SK021,ML Foundations,0.3
RSK0116,RES0066,SK022,Regression Techniques,1.0
RSK0117,RES0066,SK021,ML Foundations,0.3
RSK0118,RES0067,SK023,Classification Techniques,1.0
RSK0119,RES0067,SK022,Regression Techniques,0.3
RSK0120,RES0068,SK023,Classification Techniques,1.0
RSK0121,RES0068,SK022,Regression Techniques,0.3
RSK0122,RES0069,SK023,Classification Techniques,1.0
RSK0123,RES0069,SK022,Regression Techniques,0.3
RSK0124,RES0070,SK024,Model Evaluation,1.0
RSK0125,RES0070,SK023,Classification Techniques,0.3
RSK0126,RES0071,SK024,Model Evaluation,1.0
RSK0127,RES0071,SK023,Classification Techniques,0.3
RSK0128,RES0072,SK024,Model Evaluation,1.0
RSK0129,RES0072,SK023,Classification Techniques,0.3
RSK0130,RES0073,SK025,Feature Engineering,1.0
RSK0131,RES0073,SK024,Model Evaluation,0.3
RSK0132,RES0074,SK025,Feature Engineering,1.0
RSK0133,RES0074,SK024,Model Evaluation,0.3
RSK0134,RES0075,SK025,Feature Engineering,1.0
RSK0135,RES0075,SK024,Model Evaluation,0.3
RSK0136,RES0076,SK026,Ensemble Methods,1.0
RSK0137,RES0076,SK025,Feature Engineering,0.3
RSK0138,RES0077,SK026,Ensemble Methods,1.0
RSK0139,RES0077,SK025,Feature Engineering,0.3
RSK0140,RES0078,SK026,Ensemble Methods,1.0
RSK0141,RES0078,SK025,Feature Engineering,0.3
RSK0142,RES0079,SK027,Neural Networks,1.0
RSK0143,RES0079,SK014,Linear Algebra,0.3
RSK0144,RES0080,SK027,Neural Networks,1.0
RSK0145,RES0080,SK014,Linear Algebra,0.3
RSK0146,RES0081,SK027,Neural Networks,1.0
RSK0147,RES0081,SK014,Linear Algebra,0.3
RSK0148,RES0082,SK028,Deep Learning,1.0
RSK0149,RES0082,SK027,Neural Networks,0.3
RSK0150,RES0083,SK028,Deep Learning,1.0
RSK0151,RES0083,SK027,Neural Networks,0.3
RSK0152,RES0084,SK028,Deep Learning,1.0
RSK0153,RES0084,SK027,Neural Networks,0.3
RSK0154,RES0085,SK029,Computer Vision,1.0
RSK0155,RES0085,SK028,Deep Learning,0.3
RSK0156,RES0086,SK029,Computer Vision,1.0
RSK0157,RES0086,SK028,Deep Learning,0.3
RSK0158,RES0087,SK029,Computer Vision,1.0
RSK0159,RES0087,SK028,Deep Learning,0.3
RSK0160,RES0088,SK030,Natural Language Processing,1.0
RSK0161,RES0088,SK028,Deep Learning,0.3
RSK0162,RES0089,SK030,Natural Language Processing,1.0
RSK0163,RES0089,SK028,Deep Learning,0.3
RSK0164,RES0090,SK030,Natural Language Processing,1.0
RSK0165,RES0090,SK028,Deep Learning,0.3
RSK0166,RES0091,SK031,HTML & CSS,1.0
RSK0167,RES0092,SK031,HTML & CSS,1.0
RSK0168,RES0093,SK031,HTML & CSS,1.0
RSK0169,RES0094,SK032,JavaScript Basics,1.0
RSK0170,RES0094,SK031,HTML & CSS,0.3
RSK0171,RES0095,SK032,JavaScript Basics,1.0
RSK0172,RES0095,SK031,HTML & CSS,0.3
RSK0173,RES0096,SK032,JavaScript Basics,1.0
RSK0174,RES0096,SK031,HTML & CSS,0.3
RSK0175,RES0097,SK033,Responsive UI Design,1.0
RSK0176,RES0097,SK031,HTML & CSS,0.3
RSK0177,RES0098,SK033,Responsive UI Design,1.0
RSK0178,RES0098,SK031,HTML & CSS,0.3
RSK0179,RES0099,SK033,Responsive UI Design,1.0
RSK0180,RES0099,SK031,HTML & CSS,0.3
RSK0181,RES0100,SK034,Database Design (RDBMS),1.0
RSK0182,RES0100,SK012,SQL Basics,0.3
RSK0183,RES0101,SK034,Database Design (RDBMS),1.0
RSK0184,RES0101,SK012,SQL Basics,0.3
RSK0185,RES0102,SK034,Database Design (RDBMS),1.0
RSK0186,RES0102,SK012,SQL Basics,0.3
RSK0187,RES0103,SK035,React Fundamentals,1.0
RSK0188,RES0103,SK032,JavaScript Basics,0.3
RSK0189,RES0104,SK035,React Fundamentals,1.0
RSK0190,RES0104,SK032,JavaScript Basics,0.3
RSK0191,RES0105,SK035,React Fundamentals,1.0
RSK0192,RES0105,SK032,JavaScript Basics,0.3
RSK0193,RES0106,SK036,Node.js Basics,1.0
RSK0194,RES0106,SK032,JavaScript Basics,0.3
RSK0195,RES0107,SK036,Node.js Basics,1.0
RSK0196,RES0107,SK032,JavaScript Basics,0.3
RSK0197,RES0108,SK036,Node.js Basics,1.0
RSK0198,RES0108,SK032,JavaScript Basics,0.3
RSK0199,RES0109,SK037,REST API Design,1.0
RSK0200,RES0109,SK036,Node.js Basics,0.3
RSK0201,RES0110,SK037,REST API Design,1.0
RSK0202,RES0110,SK036,Node.js Basics,0.3
RSK0203,RES0111,SK037,REST API Design,1.0
RSK0204,RES0111,SK036,Node.js Basics,0.3
RSK0205,RES0112,SK038,Authentication & Security Basics,1.0
RSK0206,RES0112,SK037,REST API Design,0.3
RSK0207,RES0113,SK038,Authentication & Security Basics,1.0
RSK0208,RES0113,SK037,REST API Design,0.3
RSK0209,RES0114,SK038,Authentication & Security Basics,1.0
RSK0210,RES0114,SK037,REST API Design,0.3
RSK0211,RES0115,SK039,Testing Fundamentals,1.0
RSK0212,RES0115,SK037,REST API Design,0.3
RSK0213,RES0116,SK039,Testing Fundamentals,1.0
RSK0214,RES0116,SK037,REST API Design,0.3
RSK0215,RES0117,SK039,Testing Fundamentals,1.0
RSK0216,RES0117,SK037,REST API Design,0.3
RSK0217,RES0118,SK040,Full Stack Project Architecture,1.0
RSK0218,RES0118,SK037,REST API Design,0.3
RSK0219,RES0119,SK040,Full Stack Project Architecture,1.0
RSK0220,RES0119,SK037,REST API Design,0.3
RSK0221,RES0120,SK040,Full Stack Project Architecture,1.0
RSK0222,RES0120,SK037,REST API Design,0.3
RSK0223,RES0121,SK041,Linux Fundamentals,1.0
RSK0224,RES0122,SK041,Linux Fundamentals,1.0
RSK0225,RES0123,SK041,Linux Fundamentals,1.0
RSK0226,RES0124,SK042,Cloud Computing Basics,1.0
RSK0227,RES0124,SK041,Linux Fundamentals,0.3
RSK0228,RES0125,SK042,Cloud Computing Basics,1.0
RSK0229,RES0125,SK041,Linux Fundamentals,0.3
RSK0230,RES0126,SK042,Cloud Computing Basics,1.0
RSK0231,RES0126,SK041,Linux Fundamentals,0.3
RSK0232,RES0127,SK043,Cloud Security Basics,1.0
RSK0233,RES0127,SK042,Cloud Computing Basics,0.3
RSK0234,RES0128,SK043,Cloud Security Basics,1.0
RSK0235,RES0128,SK042,Cloud Computing Basics,0.3
RSK0236,RES0129,SK043,Cloud Security Basics,1.0
RSK0237,RES0129,SK042,Cloud Computing Basics,0.3
RSK0238,RES0130,SK044,AWS Core Services,1.0
RSK0239,RES0130,SK042,Cloud Computing Basics,0.3
RSK0240,RES0131,SK044,AWS Core Services,1.0
RSK0241,RES0131,SK042,Cloud Computing Basics,0.3
RSK0242,RES0132,SK044,AWS Core Services,1.0
RSK0243,RES0132,SK042,Cloud Computing Basics,0.3
RSK0244,RES0133,SK045,Docker Fundamentals,1.0
RSK0245,RES0133,SK041,Linux Fundamentals,0.3
RSK0246,RES0134,SK045,Docker Fundamentals,1.0
RSK0247,RES0134,SK041,Linux Fundamentals,0.3
RSK0248,RES0135,SK045,Docker Fundamentals,1.0
RSK0249,RES0135,SK041,Linux Fundamentals,0.3
RSK0250,RES0136,SK046,Monitoring & Logging,1.0
RSK0251,RES0136,SK042,Cloud Computing Basics,0.3
RSK0252,RES0137,SK046,Monitoring & Logging,1.0
RSK0253,RES0137,SK042,Cloud Computing Basics,0.3
RSK0254,RES0138,SK046,Monitoring & Logging,1.0
RSK0255,RES0138,SK042,Cloud Computing Basics,0.3
RSK0256,RES0139,SK047,Kubernetes Basics,1.0
RSK0257,RES0139,SK045,Docker Fundamentals,0.3
RSK0258,RES0140,SK047,Kubernetes Basics,1.0
RSK0259,RES0140,SK045,Docker Fundamentals,0.3
RSK0260,RES0141,SK047,Kubernetes Basics,1.0
RSK0261,RES0141,SK045,Docker Fundamentals,0.3
RSK0262,RES0142,SK048,CI/CD Pipelines,1.0
RSK0263,RES0142,SK045,Docker Fundamentals,0.3
RSK0264,RES0143,SK048,CI/CD Pipelines,1.0
RSK0265,RES0143,SK045,Docker Fundamentals,0.3
RSK0266,RES0144,SK048,CI/CD Pipelines,1.0
RSK0267,RES0144,SK045,Docker Fundamentals,0.3
RSK0268,RES0145,SK049,Infrastructure as Code,1.0
RSK0269,RES0145,SK044,AWS Core Services,0.3
RSK0270,RES0146,SK049,Infrastructure as Code,1.0
RSK0271,RES0146,SK044,AWS Core Services,0.3
RSK0272,RES0147,SK049,Infrastructure as Code,1.0
RSK0273,RES0147,SK044,AWS Core Services,0.3
RSK0274,RES0148,SK050,Model Deployment,1.0
RSK0275,RES0148,SK045,Docker Fundamentals,0.3
RSK0276,RES0149,SK050,Model Deployment,1.0
RSK0277,RES0149,SK045,Docker Fundamentals,0.3
RSK0278,RES0150,SK050,Model Deployment,1.0
RSK0279,RES0150,SK045,Docker Fundamentals,0.3
RSK0280,RES0151,SK051,Data Modeling,1.0
RSK0281,RES0151,SK034,Database Design (RDBMS),0.3
RSK0282,RES0152,SK051,Data Modeling,1.0
RSK0283,RES0152,SK034,Database Design (RDBMS),0.3
RSK0284,RES0153,SK051,Data Modeling,1.0
RSK0285,RES0153,SK034,Database Design (RDBMS),0.3
RSK0286,RES0154,SK052,NoSQL Databases,1.0
RSK0287,RES0154,SK034,Database Design (RDBMS),0.3
RSK0288,RES0155,SK052,NoSQL Databases,1.0
RSK0289,RES0155,SK034,Database Design (RDBMS),0.3
RSK0290,RES0156,SK052,NoSQL Databases,1.0
RSK0291,RES0156,SK034,Database Design (RDBMS),0.3
RSK0292,RES0157,SK053,ETL Fundamentals,1.0
RSK0293,RES0157,SK051,Data Modeling,0.3
RSK0294,RES0158,SK053,ETL Fundamentals,1.0
RSK0295,RES0158,SK051,Data Modeling,0.3
RSK0296,RES0159,SK053,ETL Fundamentals,1.0
RSK0297,RES0159,SK051,Data Modeling,0.3
RSK0298,RES0160,SK054,Data Warehousing,1.0
RSK0299,RES0160,SK051,Data Modeling,0.3
RSK0300,RES0161,SK054,Data Warehousing,1.0
RSK0301,RES0161,SK051,Data Modeling,0.3
RSK0302,RES0162,SK054,Data Warehousing,1.0
RSK0303,RES0162,SK051,Data Modeling,0.3
RSK0304,RES0163,SK055,Big Data Fundamentals,1.0
RSK0305,RES0163,SK053,ETL Fundamentals,0.3
RSK0306,RES0164,SK055,Big Data Fundamentals,1.0
RSK0307,RES0164,SK053,ETL Fundamentals,0.3
RSK0308,RES0165,SK055,Big Data Fundamentals,1.0
RSK0309,RES0165,SK053,ETL Fundamentals,0.3
RSK0310,RES0166,SK056,Airflow Orchestration,1.0
RSK0311,RES0166,SK053,ETL Fundamentals,0.3
RSK0312,RES0167,SK056,Airflow Orchestration,1.0
RSK0313,RES0167,SK053,ETL Fundamentals,0.3
RSK0314,RES0168,SK056,Airflow Orchestration,1.0
RSK0315,RES0168,SK053,ETL Fundamentals,0.3
RSK0316,RES0169,SK057,Apache Spark Basics,1.0
RSK0317,RES0169,SK053,ETL Fundamentals,0.3
RSK0318,RES0170,SK057,Apache Spark Basics,1.0
RSK0319,RES0170,SK053,ETL Fundamentals,0.3
RSK0320,RES0171,SK057,Apache Spark Basics,1.0
RSK0321,RES0171,SK053,ETL Fundamentals,0.3
RSK0322,RES0172,SK058,Data Quality & Governance,1.0
RSK0323,RES0172,SK054,Data Warehousing,0.3
RSK0324,RES0173,SK058,Data Quality & Governance,1.0
RSK0325,RES0173,SK054,Data Warehousing,0.3
RSK0326,RES0174,SK058,Data Quality & Governance,1.0
RSK0327,RES0174,SK054,Data Warehousing,0.3
RSK0328,RES0175,SK059,Streaming Data (Kafka Basics),1.0
RSK0329,RES0175,SK055,Big Data Fundamentals,0.3
RSK0330,RES0176,SK059,Streaming Data (Kafka Basics),1.0
RSK0331,RES0176,SK055,Big Data Fundamentals,0.3
RSK0332,RES0177,SK059,Streaming Data (Kafka Basics),1.0
RSK0333,RES0177,SK055,Big Data Fundamentals,0.3
RSK0334,RES0178,SK060,Data Pipeline Design,1.0
RSK0335,RES0178,SK057,Apache Spark Basics,0.3
RSK0336,RES0179,SK060,Data Pipeline Design,1.0
RSK0337,RES0179,SK057,Apache Spark Basics,0.3
RSK0338,RES0180,SK060,Data Pipeline Design,1.0
RSK0339,RES0180,SK057,Apache Spark Basics,0.3
